ID,First Name,Last Name,Email,Language,IP Address
1,"Sarajane","Wheatman","swheatman0@google.nl","Zulu","40.98.252.240"
2,"Linell","Humpherston","lhumpherston1@google.com.br","Czech","82.225.151.150"
3,"Gabie","Casella","gcasella2@un.org","Greek","228.48.116.99"
4,"Chelsie","Shout","cshout3@php.net","Persian","81.121.60.176"
5,"Marlow","Janzen","mjanzen4@auda.org.au","New Zealand Sign Language","205.25.250.114"
6,"Candra","Chelsom","cchelsom5@cargocollective.com","Icelandic","158.238.138.112"
7,"Hal","Elcum","helcum6@cyberchimps.com","Quechua","75.95.150.75"
8,"Fanya","Yateman","fyateman7@blogs.com","Georgian","20.159.169.4"
9,"Regen","Ismirnioglou","rismirnioglou8@samsung.com","Bengali","69.221.94.212"
10,"Veronika","Gaither","vgaither9@trellian.com","Persian","200.55.200.251"